Categoria,Columna,Peso,Valor,ValorFlt,Posicion
Almacenamiento,Memoria GB,1.0,16.0,16.0,0.33
Almacenamiento,Memoria GB,1.0,19.65024730427611,19.65024730427611,0.67
Almacenamiento,Memoria GB,1.0,77.97618740604834,77.97618740604834,1.0
Tiene SIM,SIM,1.0,0.0,-1.0,0.0
Tiene SIM,SIM,1.0,1.0,-1.0,1.0
Bateria,Bateria mAh,0.7,2360.0,2360.0,0.33
Bateria,Bateria mAh,0.7,2781.032311763091,2781.032311763091,0.67
Bateria,Bateria mAh,0.7,4261.965856088336,4261.965856088336,1.0
Bateria,Horas Bateria,0.2,466.5151515151515,466.5151515151515,0.33
Bateria,Horas Bateria,0.2,336.4994751954959,336.4994751954959,0.67
Bateria,Horas Bateria,0.2,891.1277975317767,891.1277975317767,1.0
Bateria,Horas Llamada Bateria,0.05,15.4,15.4,0.33
Bateria,Horas Llamada Bateria,0.05,16.733849245106274,16.733849245106274,0.67
Bateria,Horas Llamada Bateria,0.05,22.35256409128061,22.35256409128061,1.0
Bateria,Vida Bateria,0.05,81.61904761904762,81.61904761904762,0.33
Bateria,Vida Bateria,0.05,83.60503936955428,83.60503936955428,0.67
Bateria,Vida Bateria,0.05,107.78533985906026,107.78533985906026,1.0
Tiene Audifonos,Audifonos,1.0,0.0,-1.0,0.0
Tiene Audifonos,Audifonos,1.0,1.0,-1.0,1.0
Tiene Bluetooth,Bluetooth,1.0,0.0,-1.0,0.0
Tiene Bluetooth,Bluetooth,1.0,1.0,-1.0,1.0
Cable Conexion,Conector,1.0,microUSB,-1.0,0.33
Cable Conexion,Conector,1.0,USB Type-C,-1.0,0.33
Cable Conexion,Conector,1.0,No,-1.0,1.0
Cable Conexion,Conector,1.0,Otro,-1.0,1.0
Camara,Camara MP,0.9,5.0,5.0,0.33
Camara,Camara MP,0.9,6.13956301327007,6.13956301327007,0.67
Camara,Camara MP,0.9,30.435500610992584,30.435500610992584,1.0
Camara,Num Camaras,0.1,1,-1.0,0.2
Camara,Num Camaras,0.1,2,-1.0,0.4
Camara,Num Camaras,0.1,0,-1.0,0.6
Camara,Num Camaras,0.1,3,-1.0,0.8
Camara,Num Camaras,0.1,4,-1.0,0.8
Camara,Num Camaras,0.1,5,-1.0,1.0
Camara Video,Video FPS,0.2,30.0,30.0,0.33
Camara Video,Video FPS,0.2,23.704728280277365,23.704728280277365,0.67
Camara Video,Video FPS,0.2,50.41719722938895,50.41719722938895,1.0
Camara Video,Video Pixeles,0.8,960.0,960.0,0.33
Camara Video,Video Pixeles,0.8,1077.1203179578936,1077.1203179578936,0.67
Camara Video,Video Pixeles,0.8,2686.0833154276597,2686.0833154276597,1.0
Tiene Lector Huella,Lector Huella,1.0,0,-1.0,0.0
Tiene Lector Huella,Lector Huella,1.0,1,-1.0,1.0
Tiene Localizacion,GPS,1.0,0,-1.0,0.0
Tiene Localizacion,GPS,1.0,1,-1.0,1.0
Tiene Memoria Adicional,Tarjeta Memoria,1.0,0,-1.0,0.0
Tiene Memoria Adicional,Tarjeta Memoria,1.0,1,-1.0,1.0
Tiene NFC,NFC,1.0,0,-1.0,0.0
Tiene NFC,NFC,1.0,1,-1.0,1.0
Tamanio,Peso Gramos,0.1,175.37491749174916,175.37491749174916,0.33
Tamanio,Peso Gramos,0.1,140.35361914572303,140.35361914572303,0.67
Tamanio,Peso Gramos,0.1,290.9882648536645,290.9882648536645,1.0
Tamanio,Alto,0.03,5.45,5.45,0.33
Tamanio,Alto,0.03,5.58289131602015,5.58289131602015,0.67
Tamanio,Alto,0.03,7.030809827671534,7.030809827671534,1.0
Tamanio,Ancho,0.03,2.89,2.89,0.33
Tamanio,Ancho,0.03,2.568118235786935,2.568118235786935,0.67
Tamanio,Ancho,0.03,4.0325362627217105,4.0325362627217105,1.0
Tamanio,Grueso,0.04,0.25666666666666665,0.25666666666666665,0.33
Tamanio,Grueso,0.04,0.3033061066933791,0.3033061066933791,0.67
Tamanio,Grueso,0.04,0.39237515732559636,0.39237515732559636,1.0
Tamanio,Tamano Pulgadas,0.8,5.0,5.0,0.33
Tamanio,Tamano Pulgadas,0.8,5.200721932680767,5.200721932680767,0.67
Tamanio,Tamano Pulgadas,0.8,6.908891448537259,6.908891448537259,1.0
Precio Fabrica,Precio,1.0,84.21,84.21,0.33
Precio Fabrica,Precio,1.0,157.23661903706932,157.23661903706932,0.67
Precio Fabrica,Precio,1.0,323.67640180574057,323.67640180574057,1.0
Procesamiento,CPU GHz,1.0,6.0,6.0,0.33
Procesamiento,CPU GHz,1.0,7.402791297986539,7.402791297986539,0.67
Procesamiento,CPU GHz,1.0,14.018090101148573,14.018090101148573,1.0
Procesamiento,Procesadores,1.0,4,-1.0,0.33
Procesamiento,Procesadores,1.0,6,-1.0,0.33
Procesamiento,Procesadores,1.0,8,-1.0,0.67
Procesamiento,Procesadores,1.0,10,-1.0,0.67
Procesamiento,Procesadores,1.0,1,-1.0,1.0
Procesamiento,Procesadores,1.0,2,-1.0,1.0
Tiene Radio,Radio,1.0,0,-1.0,0.0
Tiene Radio,Radio,1.0,1,-1.0,1.0
RAM,RAM GB,1.0,1.0,1.0,0.33
RAM,RAM GB,1.0,1.8532304810648745,1.8532304810648745,0.67
RAM,RAM GB,1.0,4.523875216604095,4.523875216604095,1.0
Reciente,Anio Anuncio,1.0,2015,-1.0,0.12
Reciente,Anio Anuncio,1.0,2016,-1.0,0.25
Reciente,Anio Anuncio,1.0,2017,-1.0,0.38
Reciente,Anio Anuncio,1.0,2018,-1.0,0.5
Reciente,Anio Anuncio,1.0,2019,-1.0,0.62
Reciente,Anio Anuncio,1.0,2020,-1.0,0.75
Reciente,Anio Anuncio,1.0,2021,-1.0,0.88
Reciente,Anio Anuncio,1.0,2022,-1.0,1.0
Reconocimiento Rostro,Rec Facial,1.0,0,-1.0,0.0
Reconocimiento Rostro,Rec Facial,1.0,1,-1.0,1.0
Resolucion,Resolucion Pixeles Alto,0.3,2560,-1.0,0.14
Resolucion,Resolucion Pixeles Alto,0.3,1024,-1.0,0.14
Resolucion,Resolucion Pixeles Alto,0.3,1920,-1.0,0.14
Resolucion,Resolucion Pixeles Alto,0.3,800,-1.0,0.29
Resolucion,Resolucion Pixeles Alto,0.3,1280,-1.0,0.29
Resolucion,Resolucion Pixeles Alto,0.3,854,-1.0,0.29
Resolucion,Resolucion Pixeles Alto,0.3,2960,-1.0,0.43
Resolucion,Resolucion Pixeles Alto,0.3,1620,-1.0,0.43
Resolucion,Resolucion Pixeles Alto,0.3,2160,-1.0,0.43
Resolucion,Resolucion Pixeles Alto,0.3,2048,-1.0,0.43
Resolucion,Resolucion Pixeles Alto,0.3,360,-1.0,0.43
Resolucion,Resolucion Pixeles Alto,0.3,480,-1.0,0.43
Resolucion,Resolucion Pixeles Alto,0.3,400,-1.0,0.43
Resolucion,Resolucion Pixeles Alto,0.3,1334,-1.0,0.43
Resolucion,Resolucion Pixeles Alto,0.3,390,-1.0,0.43
Resolucion,Resolucion Pixeles Alto,0.3,320,-1.0,0.43
Resolucion,Resolucion Pixeles Alto,0.3,2880,-1.0,0.43
Resolucion,Resolucion Pixeles Alto,0.3,2224,-1.0,0.43
Resolucion,Resolucion Pixeles Alto,0.3,1440,-1.0,0.43
Resolucion,Resolucion Pixeles Alto,0.3,160,-1.0,0.43
Resolucion,Resolucion Pixeles Alto,0.3,960,-1.0,0.43
Resolucion,Resolucion Pixeles Alto,0.3,2220,-1.0,0.43
Resolucion,Resolucion Pixeles Alto,0.3,2040,-1.0,0.43
Resolucion,Resolucion Pixeles Alto,0.3,2436,-1.0,0.43
Resolucion,Resolucion Pixeles Alto,0.3,312,-1.0,0.43
Resolucion,Resolucion Pixeles Alto,0.3,2246,-1.0,0.57
Resolucion,Resolucion Pixeles Alto,0.3,2248,-1.0,0.57
Resolucion,Resolucion Pixeles Alto,0.3,1600,-1.0,0.57
Resolucion,Resolucion Pixeles Alto,0.3,2280,-1.0,0.57
Resolucion,Resolucion Pixeles Alto,0.3,1528,-1.0,0.57
Resolucion,Resolucion Pixeles Alto,0.3,2240,-1.0,0.57
Resolucion,Resolucion Pixeles Alto,0.3,3120,-1.0,0.57
Resolucion,Resolucion Pixeles Alto,0.3,240,-1.0,0.57
Resolucion,Resolucion Pixeles Alto,0.3,1480,-1.0,0.57
Resolucion,Resolucion Pixeles Alto,0.3,1520,-1.0,0.57
Resolucion,Resolucion Pixeles Alto,0.3,3040,-1.0,0.57
Resolucion,Resolucion Pixeles Alto,0.3,2244,-1.0,0.57
Resolucion,Resolucion Pixeles Alto,0.3,2316,-1.0,0.57
Resolucion,Resolucion Pixeles Alto,0.3,2340,-1.0,0.57
Resolucion,Resolucion Pixeles Alto,0.3,1500,-1.0,0.57
Resolucion,Resolucion Pixeles Alto,0.3,2180,-1.0,0.57
Resolucion,Resolucion Pixeles Alto,0.3,2688,-1.0,0.57
Resolucion,Resolucion Pixeles Alto,0.3,1792,-1.0,0.57
Resolucion,Resolucion Pixeles Alto,0.3,368,-1.0,0.57
Resolucion,Resolucion Pixeles Alto,0.3,1512,-1.0,0.57
Resolucion,Resolucion Pixeles Alto,0.3,1200,-1.0,0.57
Resolucion,Resolucion Pixeles Alto,0.3,2388,-1.0,0.57
Resolucion,Resolucion Pixeles Alto,0.3,2732,-1.0,0.57
Resolucion,Resolucion Pixeles Alto,0.3,1498,-1.0,0.57
Resolucion,Resolucion Pixeles Alto,0.3,454,-1.0,0.57
Resolucion,Resolucion Pixeles Alto,0.3,2310,-1.0,0.57
Resolucion,Resolucion Pixeles Alto,0.3,2520,-1.0,0.71
Resolucion,Resolucion Pixeles Alto,0.3,2270,-1.0,0.71
Resolucion,Resolucion Pixeles Alto,0.3,2232,-1.0,0.71
Resolucion,Resolucion Pixeles Alto,0.3,1560,-1.0,0.71
Resolucion,Resolucion Pixeles Alto,0.3,2992,-1.0,0.71
Resolucion,Resolucion Pixeles Alto,0.3,2152,-1.0,0.71
Resolucion,Resolucion Pixeles Alto,0.3,1570,-1.0,0.71
Resolucion,Resolucion Pixeles Alto,0.3,3840,-1.0,0.71
Resolucion,Resolucion Pixeles Alto,0.3,2312,-1.0,0.71
Resolucion,Resolucion Pixeles Alto,0.3,1352,-1.0,0.71
Resolucion,Resolucion Pixeles Alto,0.3,2480,-1.0,0.71
Resolucion,Resolucion Pixeles Alto,0.3,2142,-1.0,0.71
Resolucion,Resolucion Pixeles Alto,0.3,2400,-1.0,0.71
Resolucion,Resolucion Pixeles Alto,0.3,2460,-1.0,0.71
Resolucion,Resolucion Pixeles Alto,0.3,1544,-1.0,0.71
Resolucion,Resolucion Pixeles Alto,0.3,2256,-1.0,0.71
Resolucion,Resolucion Pixeles Alto,0.3,1548,-1.0,0.71
Resolucion,Resolucion Pixeles Alto,0.3,448,-1.0,0.71
Resolucion,Resolucion Pixeles Alto,0.3,3168,-1.0,0.86
Resolucion,Resolucion Pixeles Alto,0.3,3200,-1.0,0.86
Resolucion,Resolucion Pixeles Alto,0.3,2300,-1.0,0.86
Resolucion,Resolucion Pixeles Alto,0.3,2636,-1.0,0.86
Resolucion,Resolucion Pixeles Alto,0.3,1680,-1.0,0.86
Resolucion,Resolucion Pixeles Alto,0.3,476,-1.0,0.86
Resolucion,Resolucion Pixeles Alto,0.3,2640,-1.0,0.86
Resolucion,Resolucion Pixeles Alto,0.3,2000,-1.0,0.86
Resolucion,Resolucion Pixeles Alto,0.3,1640,-1.0,0.86
Resolucion,Resolucion Pixeles Alto,0.3,2408,-1.0,0.86
Resolucion,Resolucion Pixeles Alto,0.3,2778,-1.0,0.86
Resolucion,Resolucion Pixeles Alto,0.3,2376,-1.0,0.86
Resolucion,Resolucion Pixeles Alto,0.3,3088,-1.0,0.86
Resolucion,Resolucion Pixeles Alto,0.3,2800,-1.0,0.86
Resolucion,Resolucion Pixeles Alto,0.3,2208,-1.0,0.86
Resolucion,Resolucion Pixeles Alto,0.3,2700,-1.0,0.86
Resolucion,Resolucion Pixeles Alto,0.3,456,-1.0,0.86
Resolucion,Resolucion Pixeles Alto,0.3,2360,-1.0,0.86
Resolucion,Resolucion Pixeles Alto,0.3,2532,-1.0,0.86
Resolucion,Resolucion Pixeles Alto,0.3,2772,-1.0,0.86
Resolucion,Resolucion Pixeles Alto,0.3,2676,-1.0,0.86
Resolucion,Resolucion Pixeles Alto,0.3,3216,-1.0,1.0
Resolucion,Resolucion Pixeles Ancho,0.3,1600,-1.0,0.17
Resolucion,Resolucion Pixeles Ancho,0.3,768,-1.0,0.17
Resolucion,Resolucion Pixeles Ancho,0.3,1080,-1.0,0.17
Resolucion,Resolucion Pixeles Ancho,0.3,600,-1.0,0.33
Resolucion,Resolucion Pixeles Ancho,0.3,480,-1.0,0.33
Resolucion,Resolucion Pixeles Ancho,0.3,720,-1.0,0.33
Resolucion,Resolucion Pixeles Ancho,0.3,800,-1.0,0.33
Resolucion,Resolucion Pixeles Ancho,0.3,1440,-1.0,0.5
Resolucion,Resolucion Pixeles Ancho,0.3,1536,-1.0,0.5
Resolucion,Resolucion Pixeles Ancho,0.3,360,-1.0,0.5
Resolucion,Resolucion Pixeles Ancho,0.3,1200,-1.0,0.5
Resolucion,Resolucion Pixeles Ancho,0.3,400,-1.0,0.5
Resolucion,Resolucion Pixeles Ancho,0.3,750,-1.0,0.5
Resolucion,Resolucion Pixeles Ancho,0.3,390,-1.0,0.5
Resolucion,Resolucion Pixeles Ancho,0.3,3840,-1.0,0.5
Resolucion,Resolucion Pixeles Ancho,0.3,240,-1.0,0.5
Resolucion,Resolucion Pixeles Ancho,0.3,1312,-1.0,0.5
Resolucion,Resolucion Pixeles Ancho,0.3,1668,-1.0,0.5
Resolucion,Resolucion Pixeles Ancho,0.3,2732,-1.0,0.5
Resolucion,Resolucion Pixeles Ancho,0.3,120,-1.0,0.5
Resolucion,Resolucion Pixeles Ancho,0.3,540,-1.0,0.5
Resolucion,Resolucion Pixeles Ancho,0.3,1125,-1.0,0.5
Resolucion,Resolucion Pixeles Ancho,0.3,128,-1.0,0.5
Resolucion,Resolucion Pixeles Ancho,0.3,2560,-1.0,0.67
Resolucion,Resolucion Pixeles Ancho,0.3,1280,-1.0,0.67
Resolucion,Resolucion Pixeles Ancho,0.3,640,-1.0,0.67
Resolucion,Resolucion Pixeles Ancho,0.3,1242,-1.0,0.67
Resolucion,Resolucion Pixeles Ancho,0.3,828,-1.0,0.67
Resolucion,Resolucion Pixeles Ancho,0.3,448,-1.0,0.67
Resolucion,Resolucion Pixeles Ancho,0.3,1920,-1.0,0.67
Resolucion,Resolucion Pixeles Ancho,0.3,2048,-1.0,0.67
Resolucion,Resolucion Pixeles Ancho,0.3,454,-1.0,0.67
Resolucion,Resolucion Pixeles Ancho,0.3,1644,-1.0,0.83
Resolucion,Resolucion Pixeles Ancho,0.3,2200,-1.0,0.83
Resolucion,Resolucion Pixeles Ancho,0.3,192,-1.0,0.83
Resolucion,Resolucion Pixeles Ancho,0.3,876,-1.0,0.83
Resolucion,Resolucion Pixeles Ancho,0.3,1620,-1.0,0.83
Resolucion,Resolucion Pixeles Ancho,0.3,1176,-1.0,0.83
Resolucion,Resolucion Pixeles Ancho,0.3,368,-1.0,0.83
Resolucion,Resolucion Pixeles Ancho,0.3,402,-1.0,1.0
Resolucion,Resolucion Pixeles Ancho,0.3,1284,-1.0,1.0
Resolucion,Resolucion Pixeles Ancho,0.3,320,-1.0,1.0
Resolucion,Resolucion Pixeles Ancho,0.3,442,-1.0,1.0
Resolucion,Resolucion Pixeles Ancho,0.3,1752,-1.0,1.0
Resolucion,Resolucion Pixeles Ancho,0.3,1768,-1.0,1.0
Resolucion,Resolucion Pixeles Ancho,0.3,1800,-1.0,1.0
Resolucion,Resolucion Pixeles Ancho,0.3,280,-1.0,1.0
Resolucion,Resolucion Pixeles Ancho,0.3,1640,-1.0,1.0
Resolucion,Resolucion Pixeles Ancho,0.3,1170,-1.0,1.0
Resolucion,Resolucion Pixeles Ancho,0.3,1344,-1.0,1.0
Resolucion,Resolucion Pixeles Ancho,0.3,1236,-1.0,1.0
Resolucion,Resolucion PPI,0.4,299,-1.0,0.14
Resolucion,Resolucion PPI,0.4,160,-1.0,0.14
Resolucion,Resolucion PPI,0.4,424,-1.0,0.14
Resolucion,Resolucion PPI,0.4,172,-1.0,0.29
Resolucion,Resolucion PPI,0.4,207,-1.0,0.29
Resolucion,Resolucion PPI,0.4,233,-1.0,0.29
Resolucion,Resolucion PPI,0.4,267,-1.0,0.29
Resolucion,Resolucion PPI,0.4,294,-1.0,0.29
Resolucion,Resolucion PPI,0.4,277,-1.0,0.29
Resolucion,Resolucion PPI,0.4,196,-1.0,0.29
Resolucion,Resolucion PPI,0.4,401,-1.0,0.29
Resolucion,Resolucion PPI,0.4,367,-1.0,0.29
Resolucion,Resolucion PPI,0.4,282,-1.0,0.29
Resolucion,Resolucion PPI,0.4,149,-1.0,0.29
Resolucion,Resolucion PPI,0.4,515,-1.0,0.43
Resolucion,Resolucion PPI,0.4,521,-1.0,0.43
Resolucion,Resolucion PPI,0.4,428,-1.0,0.43
Resolucion,Resolucion PPI,0.4,434,-1.0,0.43
Resolucion,Resolucion PPI,0.4,245,-1.0,0.43
Resolucion,Resolucion PPI,0.4,432,-1.0,0.43
Resolucion,Resolucion PPI,0.4,540,-1.0,0.43
Resolucion,Resolucion PPI,0.4,513,-1.0,0.43
Resolucion,Resolucion PPI,0.4,554,-1.0,0.43
Resolucion,Resolucion PPI,0.4,529,-1.0,0.43
Resolucion,Resolucion PPI,0.4,403,-1.0,0.43
Resolucion,Resolucion PPI,0.4,264,-1.0,0.43
Resolucion,Resolucion PPI,0.4,348,-1.0,0.43
Resolucion,Resolucion PPI,0.4,283,-1.0,0.43
Resolucion,Resolucion PPI,0.4,404,-1.0,0.43
Resolucion,Resolucion PPI,0.4,326,-1.0,0.43
Resolucion,Resolucion PPI,0.4,189,-1.0,0.43
Resolucion,Resolucion PPI,0.4,342,-1.0,0.43
Resolucion,Resolucion PPI,0.4,807,-1.0,0.43
Resolucion,Resolucion PPI,0.4,167,-1.0,0.43
Resolucion,Resolucion PPI,0.4,224,-1.0,0.43
Resolucion,Resolucion PPI,0.4,319,-1.0,0.43
Resolucion,Resolucion PPI,0.4,218,-1.0,0.43
Resolucion,Resolucion PPI,0.4,392,-1.0,0.43
Resolucion,Resolucion PPI,0.4,534,-1.0,0.43
Resolucion,Resolucion PPI,0.4,170,-1.0,0.43
Resolucion,Resolucion PPI,0.4,157,-1.0,0.43
Resolucion,Resolucion PPI,0.4,443,-1.0,0.43
Resolucion,Resolucion PPI,0.4,568,-1.0,0.43
Resolucion,Resolucion PPI,0.4,377,-1.0,0.43
Resolucion,Resolucion PPI,0.4,386,-1.0,0.43
Resolucion,Resolucion PPI,0.4,423,-1.0,0.43
Resolucion,Resolucion PPI,0.4,504,-1.0,0.43
Resolucion,Resolucion PPI,0.4,324,-1.0,0.43
Resolucion,Resolucion PPI,0.4,537,-1.0,0.43
Resolucion,Resolucion PPI,0.4,265,-1.0,0.43
Resolucion,Resolucion PPI,0.4,368,-1.0,0.43
Resolucion,Resolucion PPI,0.4,538,-1.0,0.43
Resolucion,Resolucion PPI,0.4,441,-1.0,0.43
Resolucion,Resolucion PPI,0.4,442,-1.0,0.43
Resolucion,Resolucion PPI,0.4,111,-1.0,0.43
Resolucion,Resolucion PPI,0.4,220,-1.0,0.43
Resolucion,Resolucion PPI,0.4,564,-1.0,0.43
Resolucion,Resolucion PPI,0.4,411,-1.0,0.43
Resolucion,Resolucion PPI,0.4,420,-1.0,0.43
Resolucion,Resolucion PPI,0.4,312,-1.0,0.43
Resolucion,Resolucion PPI,0.4,402,-1.0,0.43
Resolucion,Resolucion PPI,0.4,269,-1.0,0.43
Resolucion,Resolucion PPI,0.4,409,-1.0,0.43
Resolucion,Resolucion PPI,0.4,458,-1.0,0.43
Resolucion,Resolucion PPI,0.4,303,-1.0,0.43
Resolucion,Resolucion PPI,0.4,376,-1.0,0.43
Resolucion,Resolucion PPI,0.4,499,-1.0,0.43
Resolucion,Resolucion PPI,0.4,407,-1.0,0.43
Resolucion,Resolucion PPI,0.4,296,-1.0,0.43
Resolucion,Resolucion PPI,0.4,234,-1.0,0.43
Resolucion,Resolucion PPI,0.4,426,-1.0,0.43
Resolucion,Resolucion PPI,0.4,210,-1.0,0.43
Resolucion,Resolucion PPI,0.4,427,-1.0,0.43
Resolucion,Resolucion PPI,0.4,114,-1.0,0.43
Resolucion,Resolucion PPI,0.4,188,-1.0,0.43
Resolucion,Resolucion PPI,0.4,246,-1.0,0.43
Resolucion,Resolucion PPI,0.4,355,-1.0,0.57
Resolucion,Resolucion PPI,0.4,350,-1.0,0.57
Resolucion,Resolucion PPI,0.4,570,-1.0,0.57
Resolucion,Resolucion PPI,0.4,268,-1.0,0.57
Resolucion,Resolucion PPI,0.4,293,-1.0,0.57
Resolucion,Resolucion PPI,0.4,280,-1.0,0.57
Resolucion,Resolucion PPI,0.4,483,-1.0,0.57
Resolucion,Resolucion PPI,0.4,203,-1.0,0.57
Resolucion,Resolucion PPI,0.4,295,-1.0,0.57
Resolucion,Resolucion PPI,0.4,359,-1.0,0.57
Resolucion,Resolucion PPI,0.4,408,-1.0,0.57
Resolucion,Resolucion PPI,0.4,429,-1.0,0.57
Resolucion,Resolucion PPI,0.4,400,-1.0,0.57
Resolucion,Resolucion PPI,0.4,405,-1.0,0.57
Resolucion,Resolucion PPI,0.4,309,-1.0,0.57
Resolucion,Resolucion PPI,0.4,494,-1.0,0.57
Resolucion,Resolucion PPI,0.4,516,-1.0,0.57
Resolucion,Resolucion PPI,0.4,765,-1.0,0.57
Resolucion,Resolucion PPI,0.4,197,-1.0,0.57
Resolucion,Resolucion PPI,0.4,270,-1.0,0.57
Resolucion,Resolucion PPI,0.4,260,-1.0,0.57
Resolucion,Resolucion PPI,0.4,561,-1.0,0.57
Resolucion,Resolucion PPI,0.4,143,-1.0,0.57
Resolucion,Resolucion PPI,0.4,274,-1.0,0.57
Resolucion,Resolucion PPI,0.4,439,-1.0,0.57
Resolucion,Resolucion PPI,0.4,310,-1.0,0.57
Resolucion,Resolucion PPI,0.4,388,-1.0,0.57
Resolucion,Resolucion PPI,0.4,389,-1.0,0.57
Resolucion,Resolucion PPI,0.4,201,-1.0,0.57
Resolucion,Resolucion PPI,0.4,217,-1.0,0.57
Resolucion,Resolucion PPI,0.4,287,-1.0,0.57
Resolucion,Resolucion PPI,0.4,390,-1.0,0.57
Resolucion,Resolucion PPI,0.4,523,-1.0,0.57
Resolucion,Resolucion PPI,0.4,271,-1.0,0.57
Resolucion,Resolucion PPI,0.4,216,-1.0,0.57
Resolucion,Resolucion PPI,0.4,206,-1.0,0.57
Resolucion,Resolucion PPI,0.4,415,-1.0,0.57
Resolucion,Resolucion PPI,0.4,374,-1.0,0.57
Resolucion,Resolucion PPI,0.4,278,-1.0,0.57
Resolucion,Resolucion PPI,0.4,445,-1.0,0.57
Resolucion,Resolucion PPI,0.4,563,-1.0,0.57
Resolucion,Resolucion PPI,0.4,397,-1.0,0.57
Resolucion,Resolucion PPI,0.4,285,-1.0,0.57
Resolucion,Resolucion PPI,0.4,396,-1.0,0.57
Resolucion,Resolucion PPI,0.4,398,-1.0,0.57
Resolucion,Resolucion PPI,0.4,393,-1.0,0.57
Resolucion,Resolucion PPI,0.4,300,-1.0,0.57
Resolucion,Resolucion PPI,0.4,381,-1.0,0.57
Resolucion,Resolucion PPI,0.4,346,-1.0,0.57
Resolucion,Resolucion PPI,0.4,247,-1.0,0.57
Resolucion,Resolucion PPI,0.4,261,-1.0,0.57
Resolucion,Resolucion PPI,0.4,485,-1.0,0.57
Resolucion,Resolucion PPI,0.4,215,-1.0,0.57
Resolucion,Resolucion PPI,0.4,187,-1.0,0.57
Resolucion,Resolucion PPI,0.4,195,-1.0,0.57
Resolucion,Resolucion PPI,0.4,457,-1.0,0.71
Resolucion,Resolucion PPI,0.4,536,-1.0,0.71
Resolucion,Resolucion PPI,0.4,362,-1.0,0.71
Resolucion,Resolucion PPI,0.4,279,-1.0,0.71
Resolucion,Resolucion PPI,0.4,422,-1.0,0.71
Resolucion,Resolucion PPI,0.4,522,-1.0,0.71
Resolucion,Resolucion PPI,0.4,550,-1.0,0.71
Resolucion,Resolucion PPI,0.4,438,-1.0,0.71
Resolucion,Resolucion PPI,0.4,643,-1.0,0.71
Resolucion,Resolucion PPI,0.4,182,-1.0,0.71
Resolucion,Resolucion PPI,0.4,288,-1.0,0.71
Resolucion,Resolucion PPI,0.4,502,-1.0,0.71
Resolucion,Resolucion PPI,0.4,302,-1.0,0.71
Resolucion,Resolucion PPI,0.4,289,-1.0,0.71
Resolucion,Resolucion PPI,0.4,151,-1.0,0.71
Resolucion,Resolucion PPI,0.4,414,-1.0,0.71
Resolucion,Resolucion PPI,0.4,244,-1.0,0.71
Resolucion,Resolucion PPI,0.4,395,-1.0,0.71
Resolucion,Resolucion PPI,0.4,412,-1.0,0.71
Resolucion,Resolucion PPI,0.4,394,-1.0,0.71
Resolucion,Resolucion PPI,0.4,373,-1.0,0.71
Resolucion,Resolucion PPI,0.4,437,-1.0,0.71
Resolucion,Resolucion PPI,0.4,387,-1.0,0.71
Resolucion,Resolucion PPI,0.4,127,-1.0,0.71
Resolucion,Resolucion PPI,0.4,179,-1.0,0.71
Resolucion,Resolucion PPI,0.4,391,-1.0,0.71
Resolucion,Resolucion PPI,0.4,291,-1.0,0.71
Resolucion,Resolucion PPI,0.4,498,-1.0,0.71
Resolucion,Resolucion PPI,0.4,286,-1.0,0.71
Resolucion,Resolucion PPI,0.4,113,-1.0,0.71
Resolucion,Resolucion PPI,0.4,364,-1.0,0.71
Resolucion,Resolucion PPI,0.4,259,-1.0,0.71
Resolucion,Resolucion PPI,0.4,276,-1.0,0.71
Resolucion,Resolucion PPI,0.4,363,-1.0,0.71
Resolucion,Resolucion PPI,0.4,449,-1.0,0.71
Resolucion,Resolucion PPI,0.4,444,-1.0,0.71
Resolucion,Resolucion PPI,0.4,418,-1.0,0.71
Resolucion,Resolucion PPI,0.4,382,-1.0,0.71
Resolucion,Resolucion PPI,0.4,266,-1.0,0.71
Resolucion,Resolucion PPI,0.4,576,-1.0,0.71
Resolucion,Resolucion PPI,0.4,380,-1.0,0.71
Resolucion,Resolucion PPI,0.4,292,-1.0,0.71
Resolucion,Resolucion PPI,0.4,232,-1.0,0.71
Resolucion,Resolucion PPI,0.4,240,-1.0,0.71
Resolucion,Resolucion PPI,0.4,511,-1.0,0.86
Resolucion,Resolucion PPI,0.4,525,-1.0,0.86
Resolucion,Resolucion PPI,0.4,399,-1.0,0.86
Resolucion,Resolucion PPI,0.4,425,-1.0,0.86
Resolucion,Resolucion PPI,0.4,484,-1.0,0.86
Resolucion,Resolucion PPI,0.4,385,-1.0,0.86
Resolucion,Resolucion PPI,0.4,431,-1.0,0.86
Resolucion,Resolucion PPI,0.4,258,-1.0,0.86
Resolucion,Resolucion PPI,0.4,256,-1.0,0.86
Resolucion,Resolucion PPI,0.4,566,-1.0,0.86
Resolucion,Resolucion PPI,0.4,496,-1.0,0.86
Resolucion,Resolucion PPI,0.4,323,-1.0,0.86
Resolucion,Resolucion PPI,0.4,263,-1.0,0.86
Resolucion,Resolucion PPI,0.4,192,-1.0,0.86
Resolucion,Resolucion PPI,0.4,356,-1.0,0.86
Resolucion,Resolucion PPI,0.4,311,-1.0,0.86
Resolucion,Resolucion PPI,0.4,413,-1.0,0.86
Resolucion,Resolucion PPI,0.4,225,-1.0,0.86
Resolucion,Resolucion PPI,0.4,156,-1.0,0.86
Resolucion,Resolucion PPI,0.4,226,-1.0,0.86
Resolucion,Resolucion PPI,0.4,273,-1.0,0.86
Resolucion,Resolucion PPI,0.4,460,-1.0,0.86
Resolucion,Resolucion PPI,0.4,476,-1.0,0.86
Resolucion,Resolucion PPI,0.4,456,-1.0,0.86
Resolucion,Resolucion PPI,0.4,406,-1.0,0.86
Resolucion,Resolucion PPI,0.4,421,-1.0,1.0
Resolucion,Resolucion PPI,0.4,212,-1.0,1.0
Resolucion,Resolucion PPI,0.4,440,-1.0,1.0
Selfie,Num Selfie,0.1,1,-1.0,0.25
Selfie,Num Selfie,0.1,2,-1.0,0.75
Selfie,Num Selfie,0.1,0,-1.0,0.75
Selfie,Num Selfie,0.1,3,-1.0,1.0
Selfie,Selfie MP,0.9,2.0,2.0,0.33
Selfie,Selfie MP,0.9,3.9765970215683666,3.9765970215683666,0.67
Selfie,Selfie MP,0.9,14.051475936405414,14.051475936405414,1.0
Selfie Video,Selfie Video FPS,0.2,30.0,30.0,0.33
Selfie Video,Selfie Video FPS,0.2,29.826406867991405,29.826406867991405,0.67
Selfie Video,Selfie Video FPS,0.2,34.177279401234244,34.177279401234244,1.0
Selfie Video,Selfie Video Pixeles,0.8,720.0,720.0,0.33
Selfie Video,Selfie Video Pixeles,0.8,877.4054389809618,877.4054389809618,0.67
Selfie Video,Selfie Video Pixeles,0.8,1417.1508534530021,1417.1508534530021,1.0
